<?xml version="1.0" encoding="UTF-8" ?>
<!DOCTYPE NmLoader SYSTEM "standardX26.dtd">
<NmLoader>
  <csvReportTemplate handler="wt.query.template.LoadReportTemplate.createReportTemplate">
    <csvfolder>/System</csvfolder>
    <csvname>Camso - getNewEpmAndWorkspace</csvname>
    <csvdescription>query to retrieve the list of all epm that are new in the system with the creator name and his workspace</csvdescription>
    <csvxml>Camso---getNewEpmAndWorkspace.xml</csvxml>
    <csvxslType>DEL</csvxslType>
    <csvservice>HTMLWithSorting</csvservice>
    <csvcontainerPath>/wt.inf.container.OrgContainer=Camoplast-TS</csvcontainerPath>
    <csvurl1></csvurl1>
    <csvurl2></csvurl2>
    <csvresourceBundle></csvresourceBundle>
    <csvexposeasreport>true</csvexposeasreport>
    <csvupdate>true</csvupdate>
  </csvReportTemplate>
  <csvCreateReport handler="com.ptc.windchill.enterprise.report.LoadReport.createReport">
    <csvname>Camso - Search New CAD not CheckedIn</csvname>
    <csvcontainerPath>/wt.inf.container.OrgContainer=Camoplast-TS</csvcontainerPath>
    <csvdescription>query to retrieve the list of all CAD that are new in the system with the creator name and his workspace</csvdescription>
    <csvinputPage></csvinputPage>
    <csvresourceBundle></csvresourceBundle>
    <csvuiContext>16</csvuiContext>
    <csvfolderPath>AdminReports</csvfolderPath>
    <csvthirdPartyReport>0</csvthirdPartyReport>
    <csvreadyForUse>true</csvreadyForUse>
    <csvsoapClass></csvsoapClass>
    <csvsoapMethod></csvsoapMethod>
    <csvreportTemplateName>Camso - getNewEpmAndWorkspace</csvreportTemplateName>
    <csvreportTemplateContainerPath>/wt.inf.container.OrgContainer=Camoplast-TS</csvreportTemplateContainerPath>
    <csvupdate>true</csvupdate>
  </csvCreateReport>
</NmLoader>