<?xml version="1.0" encoding="UTF-8" ?>
<!DOCTYPE LocationDesciptor SYSTEM "standardX26.dtd">
<LocationDesciptor>
  <ReportArtifactLoc>
    <JavaScript></JavaScript>
    <resourceBundle></resourceBundle>
    <inputPageLocation inputPage=""></inputPageLocation>
    <ieTaskLocation></ieTaskLocation>
    <cognosTemplatePropertiesLocation></cognosTemplatePropertiesLocation>
    <cognosTemplateLocation></cognosTemplateLocation>
    <reportTemplateInformation><qml ReportTemplate="Camso - getNewEpmAndWorkspace" containerPath="/wt.inf.container.OrgContainer=Camoplast-TS">loadFiles\reports\Camso---getNewEpmAndWorkspace.xml</qml></reportTemplateInformation>
  </ReportArtifactLoc>
</LocationDesciptor>