<?xml version="1.0" encoding="UTF-8" standalone='yes'?>
<qml bypassAccessControl="true" caseInsensitive="true" addTimeToDateFields="false" forAdvancedSearch="true" mainType="EPM Document Master" joinModel="false" xsi:noNamespaceSchemaLocation="qml.xsd" xmlns:xsi="http://www.w3.org/2001/XMLSchema-instance">
  <query>
    <selectOrConstrain distinct="false" group="false">
      <reportAttribute heading="File Name" reportAttributeId="File_Name" userCanSelect="true" userCanConstrain="true" alwaysSelect="false" defaultValue="" constantValue="" isMacro="false">
        <column alias="EPM Document Master" isExternal="false" type="java.lang.String" propertyName="CADName">CADName</column>
      </reportAttribute>
      <reportAttribute heading="Name" reportAttributeId="Name" userCanSelect="true" userCanConstrain="true" alwaysSelect="false" defaultValue="" constantValue="" isMacro="false">
        <column alias="EPM Document Master" isExternal="false" type="java.lang.String" propertyName="name">name</column>
      </reportAttribute>
      <reportAttribute heading="Full Name" reportAttributeId="Full_Name" userCanSelect="true" userCanConstrain="true" alwaysSelect="false" defaultValue="" constantValue="" isMacro="false">
        <column alias="User" isExternal="false" type="java.lang.String" propertyName="fullName">fullName</column>
      </reportAttribute>
      <reportAttribute heading="Parent Folder.Name" reportAttributeId="Parent_Folder_Name" userCanSelect="true" userCanConstrain="false" alwaysSelect="false" defaultValue="" constantValue="" isMacro="false">
        <object alias="EPM Document" propertyName="parentFolder.name"/>
      </reportAttribute>
    </selectOrConstrain>
    <from>
      <table alias="EPMInitial Checkin Data" isExternal="false" xposition="0px" yposition="40px">wt.epm.workspaces.EPMInitialCheckinData</table>
      <table alias="EPM Document" isExternal="false" xposition="0px" yposition="80px">wt.epm.EPMDocument</table>
      <table alias="EPM Document Master" isExternal="false" xposition="0px" yposition="120px">wt.epm.EPMDocumentMaster</table>
      <table alias="User" isExternal="false" xposition="0" yposition="160">wt.org.WTUser</table>
    </from>
    <where>
      <compositeCondition type="and">
        <condition>
          <standardCondition>
            <operand>
              <column alias="EPM Document" isExternal="false" type="long" propertyName="persistInfo.objectIdentifier.id">thePersistInfo.theObjectIdentifier.id</column>
            </operand>
            <operator type="equal"/>
            <operand>
              <column alias="EPMInitial Checkin Data" isExternal="false" type="long" propertyName="newObjectReference.objectId.id">newObjectReference.key.id</column>
            </operand>
          </standardCondition>
        </condition>
        <condition>
          <standardCondition>
            <operand>
              <column alias="EPM Document" isExternal="false" type="long" propertyName="masterReference.objectId.id">masterReference.key.id</column>
            </operand>
            <operator type="equal"/>
            <operand>
              <column alias="EPM Document Master" isExternal="false" type="long" propertyName="persistInfo.objectIdentifier.id">thePersistInfo.theObjectIdentifier.id</column>
            </operand>
          </standardCondition>
        </condition>
        <condition>
          <standardCondition>
            <operand>
              <column alias="EPM Document" isExternal="false" type="long" propertyName="creator.objectId.id">iterationInfo.creator.key.id</column>
            </operand>
            <operator type="equal"/>
            <operand>
              <column alias="User" isExternal="false" type="long" propertyName="persistInfo.objectIdentifier.id">thePersistInfo.theObjectIdentifier.id</column>
            </operand>
          </standardCondition>
        </condition>
      </compositeCondition>
    </where>
    <orderBy>
      <orderByItem type="asc">
        <reportAttributeReference id="Full_Name"/>
      </orderByItem>
    </orderBy>
  </query>
</qml>
